price,volume,market_cap,day_change,week_change,month_change,high_52w,low_52w,from_high,ma5,ma20,ma60,cross_signal,rsi,short_ratio,foreign_net,institution_net,code,name
186600,176473,8.57,-6.7,-6.51,-10.5,303500,185250,-38.52,196860.0,202880.0,222468.0,,22.7,0,0,0,259960,크래프톤
223000,204537,4.8,-5.51,-1.33,6.44,343500,176100,-35.08,232000.0,215125.0,224808.0,,58.4,0,0,0,036570,엔씨소프트
33700,166708,2.8,-2.18,-1.89,-4.13,59000,33600,-42.88,34530.0,34750.0,36638.0,,39.4,0,0,0,251270,넷마블
32700,181991,2.05,-1.51,-1.36,-9.67,77400,29450,-57.75,33220.0,34082.0,33534.0,,27.4,0,0,0,263750,펄어비스
9330,516242,1.0,-7.53,-7.35,-0.64,18440,6780,-49.4,9910.0,9454.0,8687.0,,42.4,0,0,0,293490,카카오게임즈
9990,242479,0.66,-4.95,-8.1,-14.54,14150,7860,-29.4,10576.0,11064.0,9993.0,,21.5,0,0,0,225570,넥슨게임즈
15480,202739,0.53,-2.27,-1.59,-0.58,34850,12570,-55.58,15678.0,15396.0,15777.0,,43.6,0,0,0,112040,위메이드
19480,118469,0.46,2.96,3.84,10.81,45850,16680,-57.51,18952.0,17942.0,18991.0,,67.4,0,0,0,376300,디어유
17570,41378,0.38,-3.04,-3.36,-1.9,31550,16100,-44.31,18006.0,17908.0,18123.0,,30.2,0,0,0,095660,네오위즈
13630,46794,0.17,-2.57,-2.29,-11.49,49300,13100,-72.35,13942.0,14463.0,16503.0,,22.6,0,0,0,194480,데브시스터즈
